Canción,Artista / Grupo,"Categoría ",Tipo musical,Dominio de la iglesia,Dominio del equipo,Complejidad técnica,Link,Clásicos IBAMI
"Tu Gloria ",Jonathan & Sarah Jerez,Consagración / Entrega,Worship contemporáneo,Nueva,Por entrar,Avanzada,https://music.youtube.com/watch?v=tPBaTvqJjE4&si=8CmxZRHA4ux2qhcS,Yes
Desde mi interior,Hillsong,Consagración / Entrega,Worship contemporáneo,Conocida,Ensamblada,Básica,https://music.youtube.com/watch?v=3hTY7lYDfpc&si=trkaeCFfY29fQn6_,No
"Todo lo haces bien ",Gateway Worship,"Declaración Doctrinal, Gozo / Celebración",Worship contemporáneo,Conocida,Por practicar,Avanzada,https://music.youtube.com/watch?v=VWMJnlB4VlM&si=Sly50PSGgWBhRfdC,No
"Jesús, eres mi buen pastor ",Coalo Zamorano,Consagración / Entrega,Worship contemporáneo,Dominada,Montada,Básica,https://music.youtube.com/watch?v=xBS2MbcCACw&si=xeMdl4z7-Gx1e_pG,Yes
"Al sea la gloria ",Marco Barrientos,"Consagración / Entrega, Declaración Doctrinal",Balada congregacional,Dominada,Ensamblada,Básica,https://music.youtube.com/watch?v=cjVdJ9GJqSU&si=Y_XqAqndzebOarfH,Yes
"Portador de tu gloria ",Alejandro del Bosque,"Evangelización / Misión, Gozo / Celebración",Celebración Rítmica,Nueva,Ensamblada,Básica,https://music.youtube.com/watch?v=kBofocE1woA&si=aTP4lPWpm-Asp6DZ,No
"Te pertenezco ",Abel Zabala,"Consagración / Entrega, Exaltación / Gloria",Balada congregacional,Nueva,Por entrar,Básica,https://youtu.be/zxH2TZCZHHM?si=P90UwN2sCNs5wXPh,No
Día en día - Himno 364,Himnario Bautista,"Consagración / Entrega, Declaración Doctrinal",Himno Tradicional,Conocida,Montada,Básica,https://music.youtube.com/watch?v=KKeVMEjx4cA&si=f28JDfFv_YrkwDIR,No
"Contempla a Dios ",IBI,"Declaración Doctrinal, Evangelización / Misión",Worship contemporáneo,Dominada,Montada,Básica,https://music.youtube.com/watch?v=jE9osSKd6Hw&si=Ok7i15o-4rZHcOUg,Yes
"Jesucristo Basta ",Un Corazón,"Declaración Doctrinal, Evangelización / Misión",Worship contemporáneo,Dominada,Montada,Básica,https://music.youtube.com/watch?v=k_TwdkVxYE0&si=ravcYYVCrZSQvvd6,Yes
"Jesús Salva ",Un Corazón,"Declaración Doctrinal, Evangelización / Misión",Worship contemporáneo,Conocida,Por practicar,Intermedia,https://music.youtube.com/watch?v=UqjA4zKS1zA&si=iyUaQReauyUSQOyy,Yes
"Jesús, has mi carácter ",Daniel Calvetti,"Clamor / Intercesión, Consagración / Entrega, Evangelización / Misión",Balada congregacional,Dominada,Montada,Básica,https://music.youtube.com/watch?v=wLXKLy_g8Vs&si=yQYxbGzNHrLQk_Qi,Yes
"Al estar ante tí ",Vive La Palabra,Exaltación / Gloria,Balada congregacional,Dominada,Montada,Básica,https://music.youtube.com/watch?v=kI_bor25wcM&si=nm96bOL5JJ-iXfY6,Yes
"Queremos Ver ",De hombre a hombre,"Evangelización / Misión, Gozo / Celebración",Celebración Rítmica,Nueva,Por practicar,Básica,https://music.youtube.com/watch?v=ob9MNqrew70&si=LbYw3pSneUcozPMY,No
"Él es El Rey ",Danilo Montero,Exaltación / Gloria,Celebración Rítmica,Dominada,Montada,Básica,https://music.youtube.com/watch?v=3I0ovvz_l2Y&si=Hw4leFoJX3kHsYOl,No
Alégrense,Marcos Witt,"Declaración Doctrinal, Gozo / Celebración",Celebración Rítmica,Dominada,Montada,Básica,https://music.youtube.com/watch?v=kfdGXTzXFRQ&si=PKvPZZpl9nzVrReK,No
"Dios de pactos ",Marcos Witt,Consagración / Entrega,Balada congregacional,Dominada,Montada,Básica,,No
"Preciosa Sangre ",Marco Barrientos,"Confesión / Arrepentimiento, Consagración / Entrega",Worship contemporáneo,Dominada,Ensamblada,Básica,https://music.youtube.com/watch?v=amfvFqXeIng&si=LFet7u4JM6Zhw-Nu,No
"A tí ",Marcos Witt,"Confesión / Arrepentimiento, Consagración / Entrega",Balada congregacional,Dominada,Montada,Básica,https://music.youtube.com/watch?v=xGoAEakok-g&si=JOu5yX72OlWwTAbt,Yes
A tí la gloria,IBI,Exaltación / Gloria,Worship contemporáneo,Nueva,Por entrar,Intermedia,https://music.youtube.com/watch?v=JwytTaHToBM&si=QuCurXMHnaGqKQPS,No
No soy yo sino Cristo en mí,Doulos,"Consagración / Entrega, Declaración Doctrinal","Himno Tradicional, Worship contemporáneo",Nueva,Por entrar,Básica,https://music.youtube.com/watch?v=CVSKDxA2ZV0&si=ybmqMkC-0bl4VP3E,No
Dios me ama,Danilo Montero,"Declaración Doctrinal, Evangelización / Misión, Exaltación / Gloria",Balada congregacional,Conocida,Por practicar,Básica,https://music.youtube.com/watch?v=S2VJbU1mIoM&si=_MGOIQTEM7N03n11,No
"Gracias ",Marcos Witt,Acción de Gracias,Balada congregacional,Dominada,Montada,Básica,https://music.youtube.com/watch?v=eQ-c1GfY73w&si=SJAv3JmTOJmDr3RF,Yes
Quien sino tú,Santiago Benavides,"Acción de Gracias, Consagración / Entrega",Balada congregacional,Nueva,Por practicar,Básica,https://music.youtube.com/watch?v=50MZCY1Legg&si=JlVVo3zWczJ2NF-f,No
"Solo a tí ",Jaime Murrell,"Clamor / Intercesión, Exaltación / Gloria",Balada congregacional,Nueva,Por entrar,Básica,https://music.youtube.com/watch?v=w2hBiVFJfRI&si=ToCYUjPYzgrA0o-x,No
Señor te adoramos,Santiago Benavides,"Acción de Gracias, Exaltación / Gloria",Balada congregacional,Nueva,Por entrar,Intermedia,https://music.youtube.com/watch?v=z3-v_pAmua0&si=FCnRwHrzqSxQ9CWw,No
¿Él es digno?,IBI,"Clamor / Intercesión, Exaltación / Gloria",Worship contemporáneo,Nueva,Por entrar,Básica,https://music.youtube.com/watch?v=qpRdkq2mQv4&si=sPBjw1j_D5-ug4f0,No
"Cuanto amo tu ley ",Danilo Montero,"Declaración Doctrinal, Exaltación / Gloria",Celebración Rítmica,Dominada,Montada,Básica,https://music.youtube.com/watch?v=apK4KaOs1X4&si=lXE5KJi7FvNDtEra,Yes
Fiel,Majo y Dan,Consagración / Entrega,Worship contemporáneo,Nueva,Por entrar,Intermedia,https://music.youtube.com/watch?v=FucclshEnMQ&si=Op9Yogf2wGQl2-Dh,No
Dulce refugio,Danilo Montero,"Declaración Doctrinal, Evangelización / Misión",Balada congregacional,Dominada,Montada,Básica,https://music.youtube.com/watch?v=MDn-_A2zfkM&si=QSgM8Q8bHfykk__m,No
"Te exaltamos ",Marcos Witt,"Exaltación / Gloria, Gozo / Celebración",Celebración Rítmica,Conocida,Por practicar,Básica,https://music.youtube.com/watch?v=ZLHVGxR-gAo&si=f-j0Eo2PGN-93fZ4,No
"Hay momentos ",Danilo Montero,"Clamor / Intercesión, Consagración / Entrega",Balada congregacional,Dominada,Montada,Intermedia,https://music.youtube.com/watch?v=8G4Gr9gKTTg&si=o8CicVCSDVZkdI3r,No
Eres mi amigo fiel,Coalo Zamorano,"Exaltación / Gloria, Gozo / Celebración","Celebración Rítmica, Especial",Dominada,Ensamblada,Intermedia,https://music.youtube.com/watch?v=Uhcs42IFh4Q&si=NU2sbLzzIKLygCxG,Yes
Ven es hora de adorarle,Marco Barrientos,Exaltación / Gloria,Celebración Rítmica,Dominada,Montada,Básica,https://music.youtube.com/watch?v=qAKn-1q1qiY&si=UbErw75CAl_B_zZq,Yes
Yo te busco,Marcos Witt,"Clamor / Intercesión, Declaración Doctrinal, Exaltación / Gloria","Balada congregacional, Especial",Dominada,Montada,Básica,https://music.youtube.com/watch?v=EN_c6I_lV9o&si=kKZFqxM2LJweFpU2,Yes
Mi Universo,Jesús A. Romero,Consagración / Entrega,Balada congregacional,Dominada,Ensamblada,Básica,https://music.youtube.com/watch?v=jWXm1oZIgYo&si=NsoyJvtf1IpmA7gd,No
Con Mis Manos Levantadas,Danilo Montero,Consagración / Entrega,Balada congregacional,Dominada,Montada,Básica,https://music.youtube.com/watch?v=xjc4tBCTlvM&si=Ea2kd9CWiIJjDdtb,No
Tu Fidelidad,Marcos Witt,Acción de Gracias,Balada congregacional,Dominada,Montada,Básica,https://music.youtube.com/watch?v=ZhWynMPlqxo&list=PLgtaTwebsGeWRnL8UR1pZg_ThtYg6OkPM,Yes
Venció,Marcos Witt,Gozo / Celebración,Celebración Rítmica,Dominada,Por practicar,Intermedia,https://music.youtube.com/watch?v=_3RahEjgSII&si=fKfuRaYYk5V0ArFK,Yes
"No Hay Argumento ",Jesús A. Romero,Confesión / Arrepentimiento,Celebración Rítmica,Dominada,Montada,Básica,https://music.youtube.com/watch?v=8_gOnivRUsw&si=YvJFcaxCPlgm0s18,Yes
"De gloria en gloria ",Marco Barrientos,"Exaltación / Gloria, Gozo / Celebración",Celebración Rítmica,Dominada,Montada,Avanzada,https://music.youtube.com/watch?v=I50l_0ODoB4&si=KiIiDAvgp0ZTbJiO,No
De Gloria en Gloria,Marcos Witt,Consagración / Entrega,Balada congregacional,Dominada,Montada,Básica,https://music.youtube.com/watch?v=4iUEq3VOHos&si=pBzrILCqNajz0HhV,No
Así Es Tu Amor,Jaime Murrell,"Exaltación / Gloria, Gozo / Celebración",Balada congregacional,Conocida,Ensamblada,Básica,https://music.youtube.com/watch?v=IpBtQtngg9w&si=OpwY88m0tram5IZe,No
Él Volverá,Marcos Witt,"Declaración Doctrinal, Gozo / Celebración",Celebración Rítmica,Dominada,Ensamblada,Intermedia,https://music.youtube.com/watch?v=N1NDNmoAh-U&si=4mI6p9RCE2_PFfyR,No
"Jesús, eres mi buen pastor ",Marcos Witt,"Clamor / Intercesión, Confesión / Arrepentimiento, Consagración / Entrega",Balada congregacional,Dominada,Montada,Básica,https://music.youtube.com/watch?v=M6Sclb7y1Pc&si=e-8p9PrG-fpC507c,Yes
"Tu dulce amor ",Danilo Montero,"Acción de Gracias, Consagración / Entrega",Balada congregacional,Conocida,Por practicar,Básica,https://music.youtube.com/watch?v=u546A0J0XVc&si=YBBr2MtRnTDnYu4o,No
"Cantaré de tu amor ",Danilo Montero,Consagración / Entrega,Balada congregacional,Dominada,Montada,Básica,https://music.youtube.com/watch?v=I8jEw8UeA0c&si=cvFt_r9i6VSRy5kN,Yes
"Los que esperan en el señor ",Danilo Montero,"Declaración Doctrinal, Exaltación / Gloria",Celebración Rítmica,Dominada,Montada,Intermedia,https://music.youtube.com/watch?v=7-cff0k6Cq0&si=yBZEJzAzZVkpBLGD,No
Palabras de vida eterna,Marcos Witt,"Declaración Doctrinal, Gozo / Celebración",Celebración Rítmica,Dominada,Montada,Básica,https://music.youtube.com/watch?v=CwYn6xXKOD4&si=qp3yhartTDjxo1mm,Yes
Tu Palabra,Marcela Gándara,"Consagración / Entrega, Declaración Doctrinal",Balada congregacional,Conocida,Ensamblada,Básica,https://music.youtube.com/watch?v=6E2-ULnQJ2s&si=Z2Ws7qft48OHIoaY,No
Jesús Mi Fiel Amigo,Abel Zabala,"Clamor / Intercesión, Consagración / Entrega",Balada congregacional,Dominada,Montada,Básica,https://music.youtube.com/watch?v=MgNQC4zoAJ4&si=1YWEyMauE-n3OzKr,No
La Bondad de Dios,IBI,"Acción de Gracias, Exaltación / Gloria",Worship contemporáneo,Dominada,Montada,Básica,https://music.youtube.com/watch?v=Jy08K4twCp4&si=ddZZeWrjR4ZKC1R1,Yes
"El Señor Es Mi Pastor ",Danilo Montero,Declaración Doctrinal,Balada congregacional,Dominada,Montada,Básica,https://music.youtube.com/watch?v=SDq5aA0GCYM&si=Sp2RgE7x8Ir9YWX4,Yes
Hay Libertad,IBI,"Declaración Doctrinal, Evangelización / Misión, Gozo / Celebración",Celebración Rítmica,Dominada,Montada,Básica,https://music.youtube.com/watch?v=jBQ4nUirULc&si=c6uIwkX1Uv3roF0b,Yes
"Al Que Me Ciñe de Poder ",Jesús A. Romero,"Exaltación / Gloria, Gozo / Celebración",Celebración Rítmica,Dominada,Montada,Básica,https://music.youtube.com/watch?v=qAKn-1q1qiY&si=V59D971CwkQAtSU8,Yes
Tú Harás,Marcos Witt,"Declaración Doctrinal, Exaltación / Gloria","Celebración Rítmica, Especial",Conocida,Por practicar,Avanzada,https://music.youtube.com/watch?v=nWCLenPD3ZQ&si=LHuCYe-cdHzti-bl,No
¿A Quién Tengo Yo?,Jesus Legacy,Consagración / Entrega,Balada congregacional,Conocida,Ensamblada,Básica,https://music.youtube.com/watch?v=rs7T8Dy5meE&si=lciwXqp0tyB96a3r,Yes
¿Quién como el Señor?,René González,"Exaltación / Gloria, Gozo / Celebración",Celebración Rítmica,Dominada,Ensamblada,Intermedia,https://music.youtube.com/watch?v=qfvxtY7h8Bw&si=tkI7KS9EG6CJvzhf,Yes
Siervo Para Tu Gloria,IBI,"Consagración / Entrega, Declaración Doctrinal",Celebración Rítmica,Dominada,Montada,Básica,https://music.youtube.com/watch?v=DIe0Fi9ysgA&si=gfKKCaUmuRnImimZ,Yes
"Yo Sé ",Marco Barrientos,"Declaración Doctrinal, Exaltación / Gloria, Gozo / Celebración",Celebración Rítmica,Conocida,Por practicar,Intermedia,https://music.youtube.com/watch?v=ZbMahKoBt8o&si=ZNG1MP8I2by_2GQ0,Yes
Jesucristo Basta,Un Corazón,"Acción de Gracias, Declaración Doctrinal",Worship contemporáneo,Conocida,Ensamblada,Básica,https://music.youtube.com/watch?v=k_TwdkVxYE0&si=u63aiRE2i6ugRJyw,Yes
Música del Cielo,Miel San Marcos,"Exaltación / Gloria, Gozo / Celebración",Celebración Rítmica,Dominada,Ensamblada,Básica,https://music.youtube.com/watch?v=BV6490Ts3EQ&si=ePoyHiulTr3duHf2,Yes
Nueva Criatura,Jesús A. Romero,"Declaración Doctrinal, Gozo / Celebración",Celebración Rítmica,Dominada,Montada,Intermedia,https://music.youtube.com/watch?v=fvXHMoR1O9Y&si=O7LKPvoInmaPE14Y,Yes
"Con Manos Vacías ",Jesús A. Romero,"Confesión / Arrepentimiento, Consagración / Entrega",Balada congregacional,Dominada,Montada,Intermedia,https://music.youtube.com/watch?v=2LwBFKH2cUI&si=FeLl5405N2K3A9cT,Yes
Mas Que Nunca,Un Corazón,Consagración / Entrega,Balada congregacional,Nueva,Por entrar,Intermedia,,No
"Vamos a Cantar ",Luis Enrique Espinosa,"Acción de Gracias, Exaltación / Gloria, Gozo / Celebración",Celebración Rítmica,Nueva,Por entrar,Avanzada,https://youtu.be/4fFDEQCPi88?si=mfcyYsKuKZA4Upbq,No
Toda lengua y toda nación,Tomatulugar,"Declaración Doctrinal, Gozo / Celebración","Celebración Rítmica, Worship contemporáneo",Nueva,Por entrar,Avanzada,https://music.youtube.com/watch?v=SdRdqJgmb5U&si=HbwUep47eEGTLWSt,Yes
"Supe que me amabas ",Marcela Gándara,"Confesión / Arrepentimiento, Consagración / Entrega",Balada congregacional,Conocida,Por practicar,Intermedia,https://music.youtube.com/watch?v=kE7PCX7wdGM&si=YhEXzjOApHArErPt,No
"A Dios sea la Gloria ",Danny Berrios,"Acción de Gracias, Consagración / Entrega",Balada congregacional,Conocida,Ensamblada,Intermedia,https://music.youtube.com/watch?v=A0BXNl8uozI&si=G1S240CjHpJMiJ6M,No
Tu Mirada (25 aniversario),Marcos Witt,Consagración / Entrega,Balada congregacional,Dominada,Montada,Básica,https://music.youtube.com/watch?v=vle5H40SGEU&si=JqrPkMKuL4TIAnu2,No
Hermoso Eres (25 aniversario),Marcos Witt,"Acción de Gracias, Consagración / Entrega",Balada congregacional,Dominada,Montada,Básica,https://music.youtube.com/watch?v=WotExLBLsS4&si=BuMVxfrAN3Rz-lS_,No
"Canta Al Señor ",Ingrid Rosario,"Declaración Doctrinal, Exaltación / Gloria","Balada congregacional, Coral, Especial",Conocida,Por practicar,Básica,https://music.youtube.com/watch?v=wNQO8B4vbVE&si=GLLRXZ75QdlK32mx,No
El Poder de Tu Amor,Ingrid Rosario,"Declaración Doctrinal, Exaltación / Gloria","Balada congregacional, Coral, Especial",Conocida,Por practicar,Intermedia,https://music.youtube.com/watch?v=wNQO8B4vbVE&si=GLLRXZ75QdlK32mx,No
"Digno es el señor ",Vino Nuevo,"Acción de Gracias, Declaración Doctrinal, Exaltación / Gloria","Balada congregacional, Especial",Conocida,Ensamblada,Básica,https://music.youtube.com/watch?v=7BVNNPHftbo&si=V_1sTGL3XBzTW_cA,No
"Enamórame ",Abel Zabala,"Consagración / Entrega, Evangelización / Misión",Balada congregacional,Conocida,Ensamblada,Básica,https://music.youtube.com/watch?v=PcxOm1SMsNo&si=gwtxUa1YDD_KsS-u,Yes
"Eres Fiel ",Coalo Zamorano,"Exaltación / Gloria, Gozo / Celebración","Celebración Rítmica, Especial",Dominada,Ensamblada,Básica,https://music.youtube.com/watch?v=yLNXFrzFqnI&si=7bpYYhSrn0-1wq0_,Yes
"Al estar aquí ",Danilo Montero,"Consagración / Entrega, Declaración Doctrinal",Balada congregacional,Dominada,Montada,Básica,,Yes
Alabdle!,Marcos Witt,Exaltación / Gloria,Celebración Rítmica,Dominada,Montada,Básica,https://music.youtube.com/watch?v=Qy833_8I8Jw&si=jjEVRciAUnfFRt8_,No
"Cerca de tí ",Jesús A. Romero,"Clamor / Intercesión, Confesión / Arrepentimiento",Balada congregacional,Dominada,Montada,Básica,https://music.youtube.com/watch?v=nz4u5HKSAoE&si=GQzHvhm0mNkcnl37,Yes
Al que está sentado en el trono,Tomatulugar,"Clamor / Intercesión, Consagración / Entrega, Exaltación / Gloria",Worship contemporáneo,Dominada,Ensamblada,Básica,https://music.youtube.com/watch?v=MclX3YvhBMM&si=kdXn6LTV2ApF0Wv_,No
Mas El Dios de toda Gracia,Marcos Witt,Exaltación / Gloria,Balada congregacional,Dominada,Montada,Básica,https://music.youtube.com/watch?v=cWkDXlAE5Xs&si=0hUWR89hqRmudm_b,No
"Grandes son Tus maravillas ",Jaime Murrell,"Exaltación / Gloria, Gozo / Celebración",Celebración Rítmica,Conocida,Ensamblada,Básica,https://music.youtube.com/watch?v=dsgj-gJRcgU&si=SMM5cdoVE88AY4Rc,Yes
"Venimos ante Tí ",Marco Barrientos,"Clamor / Intercesión, Declaración Doctrinal, Exaltación / Gloria",Balada congregacional,Conocida,Ensamblada,Básica,https://music.youtube.com/watch?v=NKS35QMgFtE&si=taKfrud4n6HgySrf,No
"Yo me rindo a ÉL ",Su presencia,Consagración / Entrega,"Especial, Himno Tradicional",Conocida,Por practicar,Básica,https://music.youtube.com/watch?v=kVivVyrCPV8&si=VeaMo2--ISX1Jsc-,No
"Al que es digno ",Marcos Witt,"Exaltación / Gloria, Gozo / Celebración",Celebración Rítmica,Dominada,Ensamblada,Básica,https://music.youtube.com/watch?v=4zdTcNRf7WE&si=ivskUNrYcCnvj2SS,Yes
Damos honor a tí,Coalo Zamorano,"Acción de Gracias, Consagración / Entrega",Balada congregacional,Dominada,Ensamblada,Básica,https://music.youtube.com/watch?v=UOKQpHOkzTQ&si=StFwLbsp0jn1NzVg,No
"Tu Amor por Mí ",Marcos Witt,Acción de Gracias,Balada congregacional,Dominada,Montada,Básica,https://music.youtube.com/watch?v=XJOkVUyZQZQ&si=gKu2iLlP7MHaDSGz,No
"Amante de Tí ",Marcos Witt,"Acción de Gracias, Confesión / Arrepentimiento, Consagración / Entrega",Balada congregacional,Dominada,Montada,Básica,https://music.youtube.com/watch?v=ilFQrVEjmrU&si=0VRRTQFAGt5x7uvy,Yes
"Tu nombre oh Dios ",Marcos Witt,Exaltación / Gloria,Celebración Rítmica,Dominada,Montada,Básica,https://music.youtube.com/watch?v=NfoQer54JSU&si=q0FByxA3lenj1q4_,No
Usa mi vida,Danilo Montero,"Clamor / Intercesión, Confesión / Arrepentimiento","Balada congregacional, Especial",Conocida,Por practicar,Intermedia,https://music.youtube.com/watch?v=8Okof73vyoQ&si=yh-fNW1C77ulV4ix,No
"Perfume a tus pies ",En Espíritu y en Verdad,Consagración / Entrega,Balada congregacional,Conocida,Ensamblada,Básica,https://music.youtube.com/watch?v=mVkWoznNTOk&si=rvVRqjEThFQw7e9M,No
Luz de mi Vida,Marcos Witt,Consagración / Entrega,Balada congregacional,Dominada,Montada,Básica,https://music.youtube.com/watch?v=dtIHnbIyffo&si=acE5DYty0pZkhPWC,No
"Has aumentado ",Danilo Montero,"Acción de Gracias, Gozo / Celebración",Celebración Rítmica,Dominada,Montada,Básica,https://music.youtube.com/watch?v=Arei0roTsDM&si=qdodWMwZbpDH5O2G,Yes
Aquel que la buena obraa empezó,Steve Green,Clamor / Intercesión,Balada congregacional,Conocida,Ensamblada,Básica,https://music.youtube.com/watch?v=41KmGg93i3I&si=ByGhIm6x-OWURNPL,No
"El padre que siempre soñé  ",Abel Zabala,"Acción de Gracias, Clamor / Intercesión, Evangelización / Misión",Balada congregacional,Dominada,Montada,Básica,https://music.youtube.com/watch?v=expXvbefIVY&si=p4RzoWEKOe0SG9fH,Yes
"Renuévame ",Marcos Witt,"Clamor / Intercesión, Confesión / Arrepentimiento, Consagración / Entrega",Balada congregacional,Dominada,Montada,Básica,https://music.youtube.com/watch?v=w2hBiVFJfRI&si=7gQlmrpGxN2nTf6L,Yes
"Todo lo que respire ",IBI,Exaltación / Gloria,Celebración Rítmica,Conocida,Ensamblada,Básica,https://music.youtube.com/watch?v=e28v65rt89w&si=asiLVf9M6A0Ru4OP,Yes
,,,,,,,,No
"La casa de Dios ",Danilo Montero,"Declaración Doctrinal, Evangelización / Misión, Gozo / Celebración",Celebración Rítmica,Dominada,Montada,Básica,https://music.youtube.com/watch?v=PgUI_eJqxwo&si=jKHeF4L13ioVKgzM,Yes
Este es mi deseo,Claudio Friedzon,"Confesión / Arrepentimiento, Consagración / Entrega",Balada congregacional,Dominada,Montada,Básica,https://music.youtube.com/watch?v=8uPgS22sWaQ&si=HOPAv9HA_pbE4NnS,Yes
"Te daré lo mejor ",Jesús A. Romero,Declaración Doctrinal,Celebración Rítmica,Dominada,Montada,Básica,https://music.youtube.com/watch?v=vMiPG3vWO-A&si=hcPbjk50T4aNIhl6,Yes
El amor de Cristo,Hillsong,"Consagración / Entrega, Declaración Doctrinal",Balada congregacional,Dominada,Montada,Básica,https://music.youtube.com/watch?v=NtWGdvxBpHI&si=lGMeyKTxYtPATsCN,No
"Poderoso Dios ",Marcos Witt,"Clamor / Intercesión, Exaltación / Gloria",Balada congregacional,Dominada,Montada,Básica,https://music.youtube.com/watch?v=N1KoaapgBu0&si=FbrnbT24REI9nA0B,No
Lo harás otra vez,Elevation Worship,Clamor / Intercesión,Worship contemporáneo,Dominada,Montada,Intermedia,https://music.youtube.com/watch?v=rU8MVy-JsAI&si=LqtExLgw2rniifPU,Yes
"Junto a tus pies ",Danilo Montero,"Clamor / Intercesión, Consagración / Entrega","Balada congregacional, Especial",Dominada,Montada,Básica,https://music.youtube.com/watch?v=tNu-TQQ7NbQ&si=_N8OXicGs56dR5zF,No
"Creo en tí ",Julio Melgar,Exaltación / Gloria,Balada congregacional,Dominada,Montada,Básica,https://music.youtube.com/watch?v=xJ_ZZkM5fGY&si=J1m4w3nYcLvL4E_6,Yes
Me asombra,En Espíritu y en Verdad,"Consagración / Entrega, Evangelización / Misión","Especial, Worship contemporáneo",Nueva,Por practicar,Intermedia,https://music.youtube.com/watch?v=mPoDsQ1BR1g&si=ODd8piEUKi6QpE1D,Yes
"Has cambiado mi lamento ",Marcos Witt,Gozo / Celebración,Celebración Rítmica,Dominada,Montada,Intermedia,https://music.youtube.com/watch?v=mPoDsQ1BR1g&si=ODd8piEUKi6QpE1D,No
"Santo por siempre ",IBI,Exaltación / Gloria,Worship contemporáneo,Conocida,Por practicar,Básica,https://music.youtube.com/watch?v=-CAFAc5OYqc&si=aOnZeEaoQo3ZAcSQ,No
"Mi vida eres tú ",Coalo Zamorano,"Exaltación / Gloria, Gozo / Celebración",Celebración Rítmica,Nueva,Por entrar,Avanzada,https://music.youtube.com/watch?v=_0Hz-yLVH-M&si=dE56CE83yAjLiU_W,No
"Al que me ",,,,,,,,No
"Te vengo a bendecir ",Jesús A. Romero,"Clamor / Intercesión, Consagración / Entrega",Balada congregacional,Nueva,Por entrar,Básica,https://music.youtube.com/watch?v=4XgnqizZ1AA&si=Vt_D7PwfivTTmTh9,No
"Abre los cielos ",Jesús A. Romero,"Clamor / Intercesión, Evangelización / Misión",Balada congregacional,Conocida,Por practicar,Básica,https://music.youtube.com/watch?v=-6iyurBfo6A&si=tX6a73tpyWE-w9r5,No
"Nuestro Salvador ",Coalo Zamorano,"Consagración / Entrega, Evangelización / Misión",Worship contemporáneo,Nueva,Por practicar,Intermedia,https://music.youtube.com/watch?v=60Ncc55pvNU&si=-GLi47YRTbU30O7R,Yes
"Quiero levantar mis manos ",Majo y Dan,Consagración / Entrega,Worship contemporáneo,Dominada,Por practicar,Intermedia,https://music.youtube.com/watch?v=3c6SYKG2MYg&si=ol5GssLivxjQbRfJ,No
"Quiero LLenar ",Fermín Garcia,Consagración / Entrega,Balada congregacional,Nueva,Por entrar,Básica,https://music.youtube.com/watch?v=IDaNNHAWjQA&si=4gOhy_Ncz9fkKhu_,No
"Quiero llenar ",Fermín Garcia,"Acción de Gracias, Consagración / Entrega",Balada congregacional,Conocida,Ensamblada,Básica,https://music.youtube.com/watch?v=IDaNNHAWjQA&si=4pRssxyrTXbhnKuO,No
"Vivo para adorarte ",Coalo Zamorano,Consagración / Entrega,Worship contemporáneo,Conocida,Montada,Básica,https://music.youtube.com/watch?v=TFEGDi4OAyg&si=U0U98XIfbTD7CEWt,No
"Soy nueva criatura ",Jesús A. Romero,Gozo / Celebración,Celebración Rítmica,Dominada,Montada,Intermedia,https://music.youtube.com/watch?v=xpQS7QkvmGU&si=Y77hkdWGhBjD5wSv,Yes
Dios poderoso,IBI,Exaltación / Gloria,Worship contemporáneo,Dominada,Ensamblada,Intermedia,https://music.youtube.com/watch?v=K2f0u6LGHIE&si=70Pqff-V4xP_y0SG,Yes
"Gracia Sublime es ",En Espíritu y en Verdad,"Evangelización / Misión, Exaltación / Gloria",Worship contemporáneo,Dominada,Ensamblada,Intermedia,https://youtu.be/0pOVNIsyIXM?si=dLXo1iziFTify652,Yes
"Grande y fuerte es nuestro Dios ",Miel San Marcos,"Exaltación / Gloria, Gozo / Celebración",Celebración Rítmica,Dominada,Ensamblada,Avanzada,https://youtu.be/YOFJJquEK2k?si=IwgBrg4qmWjphK1j,Yes
,,,,,,,,No
"Hosanna ",Marco Barrientos,"Clamor / Intercesión, Exaltación / Gloria",Celebración Rítmica,Dominada,Ensamblada,Avanzada,https://youtu.be/3kXfjfT6ewU?si=bvW1q1uKftKaYYKU,Yes
"Lo unico que quiero ",Abel Zabala,Consagración / Entrega,Balada congregacional,Dominada,Montada,Básica,https://music.youtube.com/watch?v=gKPjGrhVLNg&si=nWH2F7KMah9CnQ7c,Yes
No basta,Juan Carlos Alvarado,"Confesión / Arrepentimiento, Consagración / Entrega, Evangelización / Misión",Balada congregacional,Dominada,Ensamblada,Básica,https://music.youtube.com/watch?v=LXMLHk1al4k&si=xI-Oe9VTLDb9yzhn,Yes
"Esperar en tí ",Jesús A. Romero,"Clamor / Intercesión, Consagración / Entrega",Balada congregacional,Dominada,Montada,Básica,https://music.youtube.com/watch?v=n7UQxs49DGU&si=DT0EZVMt2l8Z_sSW,Yes
"A sus pies ",Jesús A. Romero,Confesión / Arrepentimiento,"Balada congregacional, Especial",Dominada,Ensamblada,Intermedia,https://music.youtube.com/watch?v=2TGRgpyy_bU&si=amAkNFSCLIDmJ-ld,Yes
,,,,,,,,No
"Soberano ",Hillsong,"Acción de Gracias, Confesión / Arrepentimiento, Consagración / Entrega",Worship contemporáneo,Conocida,Ensamblada,Básica,https://music.youtube.com/watch?v=XavMcEtGRE8&si=2Xon1vnMz80cpyvv,Yes
"De tal manera me amo ",Abel Zabala,"Acción de Gracias, Consagración / Entrega",Balada congregacional,Dominada,Montada,Básica,https://music.youtube.com/watch?v=bXh0rfByyuU&si=4ZpQ_avjea1wHU9C,Yes
"Sentado en su trono ",Jesús A. Romero,"Declaración Doctrinal, Exaltación / Gloria",Balada congregacional,Dominada,Montada,Básica,https://music.youtube.com/watch?v=2SOMVaUavl4&si=CdwAByAbqIVdFSWA,Yes
Bajo sus pies (Mas que vencedor),Jesús A. Romero,"Declaración Doctrinal, Gozo / Celebración",Celebración Rítmica,Conocida,Por practicar,Intermedia,https://music.youtube.com/watch?v=XvSrcunrIFs&si=_hy2gfS65s6AzTwP,No
"Jesús El Señor ",Jesús A. Romero,Declaración Doctrinal,Balada congregacional,Dominada,Ensamblada,Básica,https://music.youtube.com/watch?v=PWD2TlW10k0&si=zDItBOi-Nux3iuIU,Yes
"No es cómo yo ",Jesús A. Romero,"Declaración Doctrinal, Exaltación / Gloria","Balada congregacional, Especial",Conocida,Por practicar,Básica,https://music.youtube.com/watch?v=LZlyuElmhOs&si=xx00cAFKta0HPZ2O,No
"Tal como soy ",Jesús A. Romero,"Clamor / Intercesión, Consagración / Entrega",Balada congregacional,Dominada,Montada,Básica,https://music.youtube.com/watch?v=bWmOXIg7j24&si=jrFmJJpVjOAVXZgC,Yes
"Es por tu gracia ",Jesús A. Romero,"Confesión / Arrepentimiento, Consagración / Entrega",Especial,Dominada,Por practicar,Básica,https://music.youtube.com/watch?v=p35EDzSIi8w&si=EKTFdL9nPDKXequF,No
"Mi corazón te canta ",Jesús A. Romero,Acción de Gracias,"Balada congregacional, Especial",Dominada,Montada,Básica,https://music.youtube.com/watch?v=GzpGyLQ3ETg&si=lfdjgk5svazUwMe5,No
"Me dice que me ama ",Jesús A. Romero,"Consagración / Entrega, Evangelización / Misión",Especial,Dominada,Por practicar,Básica,https://music.youtube.com/watch?v=4LJApZZwkkw&si=AANkYfcSaJFRseTK,No
"Prefiero a Cristo ",Jesús A. Romero,Consagración / Entrega,Balada congregacional,Conocida,Ensamblada,Intermedia,https://music.youtube.com/watch?v=40U8jhITFNE&si=I7ypWMH4Ke_M_Dc_,No
"Celebraré tu amor ",Jesús A. Romero,Gozo / Celebración,Celebración Rítmica,Dominada,Ensamblada,Básica,https://music.youtube.com/watch?v=lSn9Y8zNcjg&si=i0n5gNpAIqrlGe-p,Yes
Tú has sido fiel,Jesús A. Romero,Acción de Gracias,Balada congregacional,Conocida,Ensamblada,Básica,https://music.youtube.com/watch?v=9rQOQotNnpc&si=esxRAexTkkixFax4,No
"Es jesús ",Danilo Montero,"Acción de Gracias, Exaltación / Gloria",Celebración Rítmica,Dominada,Ensamblada,Básica,https://music.youtube.com/watch?v=Yu_erTjtyj8&si=r4toVCwGwZHChlnC,No
"Te deseo ",Majo y Dan,Consagración / Entrega,Worship contemporáneo,Nueva,Por entrar,Intermedia,https://music.youtube.com/watch?v=gXKhpujngHU&si=KnvI9JIORN9f1rqG,No
"Amor Inagotable ",Marco Barrientos,"Confesión / Arrepentimiento, Consagración / Entrega",Worship contemporáneo,Dominada,Ensamblada,Básica,https://music.youtube.com/watch?v=LO8QXLMTdxo&si=M5zgOtb4d6dP8nP1,Yes
"A ti sea la gloria ",Marcela Gándara,"Acción de Gracias, Consagración / Entrega",Balada congregacional,Dominada,Ensamblada,Básica,https://music.youtube.com/watch?v=NMb7zQudh5w&si=sMbV1i2MUTDvDUbl,No
"Mi roca ",Hillsong,"Consagración / Entrega, Declaración Doctrinal",Worship contemporáneo,Dominada,Montada,Básica,https://music.youtube.com/watch?v=LFPErWrYZCU&si=jLehLMgnDijmQbSA,Yes
Glorioso,,,,,,,,No
"Bienvenido Espíritu Santo ",Miel San Marcos,Exaltación / Gloria,Celebración Rítmica,Nueva,Por entrar,Intermedia,https://music.youtube.com/watch?v=8FNTUOSi-YE&si=XSH3dLg5_6GI9ZSE,Yes
"Pan de vida ",Jesús A. Romero,"Declaración Doctrinal, Evangelización / Misión",Balada congregacional,Conocida,Por practicar,Básica,https://music.youtube.com/watch?v=Bdtlo2luEPo&si=T3kH0dUWli0_sJZ5,No
"Salmo 23 ",Un Corazón,"Consagración / Entrega, Declaración Doctrinal",Worship contemporáneo,Conocida,Por practicar,Intermedia,https://music.youtube.com/watch?v=Bdtlo2luEPo&si=T3kH0dUWli0_sJZ5,Yes
"De gloria de gloria ",Marco Barrientos,Gozo / Celebración,Celebración Rítmica,Dominada,Por practicar,Intermedia,https://music.youtube.com/watch?v=I50l_0ODoB4&si=KRYT3sfVDE2FG_yx,No
Alaba a Dios,Danny Berrios,"Clamor / Intercesión, Exaltación / Gloria",Balada congregacional,Dominada,Montada,Básica,,No
"Porque bueno es Dios ",Jaime Murrell,"Acción de Gracias, Exaltación / Gloria",Celebración Rítmica,Nueva,Por entrar,Intermedia,https://music.youtube.com/watch?v=oIQyarLXb8g&si=QzXCSUWONvk-Gi_w,No
Tu hijo soy,Barak,Gozo / Celebración,Worship contemporáneo,Nueva,Por entrar,Intermedia,https://music.youtube.com/watch?v=bDLPPrQSSyk&si=UocUbXzxqf2TAD_X,Yes
"En la cruz ",,,,,,,,No
"En esto creo ",Hillsong,Declaración Doctrinal,Worship contemporáneo,Conocida,Ensamblada,Básica,https://music.youtube.com/watch?v=pgkPf0gWLFc&si=yG-nwuroQohZXPlU,Yes